{
  "_format": "hh-sol-cache-2",
  "files": {
    "P:\\ENCODE\\pokergamecontracts\\contracts\\Contract.sol": {
      "lastModificationDate": 1706211450468,
      "contentHash": "b878de6e930fbc546825afc9dfc836f0",
      "sourceName": "contracts/Contract.sol",
      "solcConfig": {
        "version": "0.8.17",
        "settings": {
          "optimizer": {
            "enabled": true,
            "runs": 200
          },
          "outputSelection": {
            "*": {
              "*": [
                "abi",
                "evm.bytecode",
                "evm.deployedBytecode",
                "evm.methodIdentifiers",
                "metadata"
              ],
              "": [
                "ast"
              ]
            }
          }
        },
        "zksolc": {
          "version": "1.3.9",
          "compilerSource": "binary",
          "settings": {
            "optimizer": {
              "enabled": true,
              "mode": "3"
            },
            "compilerPath": "",
            "experimental": {}
          }
        }
      },
      "imports": [
        "@api3/airnode-protocol/contracts/rrp/requesters/RrpRequesterV0.sol"
      ],
      "versionPragmas": [
        "^0.8.0"
      ],
      "artifacts": [
        "PokerRoom"
      ]
    },
    "P:\\ENCODE\\pokergamecontracts\\node_modules\\@api3\\airnode-protocol\\contracts\\rrp\\requesters\\RrpRequesterV0.sol": {
      "lastModificationDate": 1706211444372,
      "contentHash": "73496fe3ea176c4f71c00e5372c10a75",
      "sourceName": "@api3/airnode-protocol/contracts/rrp/requesters/RrpRequesterV0.sol",
      "solcConfig": {
        "version": "0.8.17",
        "settings": {
          "optimizer": {
            "enabled": true,
            "runs": 200
          },
          "outputSelection": {
            "*": {
              "*": [
                "abi",
                "evm.bytecode",
                "evm.deployedBytecode",
                "evm.methodIdentifiers",
                "metadata"
              ],
              "": [
                "ast"
              ]
            }
          }
        },
        "zksolc": {
          "version": "1.3.9",
          "compilerSource": "binary",
          "settings": {
            "optimizer": {
              "enabled": true,
              "mode": "3"
            },
            "compilerPath": "",
            "experimental": {}
          }
        }
      },
      "imports": [
        "../interfaces/IAirnodeRrpV0.sol"
      ],
      "versionPragmas": [
        "^0.8.0"
      ],
      "artifacts": [
        "RrpRequesterV0"
      ]
    },
    "P:\\ENCODE\\pokergamecontracts\\node_modules\\@api3\\airnode-protocol\\contracts\\rrp\\interfaces\\IAirnodeRrpV0.sol": {
      "lastModificationDate": 1706211444119,
      "contentHash": "956233427805a2b9c588d50344326194",
      "sourceName": "@api3/airnode-protocol/contracts/rrp/interfaces/IAirnodeRrpV0.sol",
      "solcConfig": {
        "version": "0.8.17",
        "settings": {
          "optimizer": {
            "enabled": true,
            "runs": 200
          },
          "outputSelection": {
            "*": {
              "*": [
                "abi",
                "evm.bytecode",
                "evm.deployedBytecode",
                "evm.methodIdentifiers",
                "metadata"
              ],
              "": [
                "ast"
              ]
            }
          }
        },
        "zksolc": {
          "version": "1.3.9",
          "compilerSource": "binary",
          "settings": {
            "optimizer": {
              "enabled": true,
              "mode": "3"
            },
            "compilerPath": "",
            "experimental": {}
          }
        }
      },
      "imports": [
        "./IAuthorizationUtilsV0.sol",
        "./ITemplateUtilsV0.sol",
        "./IWithdrawalUtilsV0.sol"
      ],
      "versionPragmas": [
        "^0.8.0"
      ],
      "artifacts": [
        "IAirnodeRrpV0"
      ]
    },
    "P:\\ENCODE\\pokergamecontracts\\node_modules\\@api3\\airnode-protocol\\contracts\\rrp\\interfaces\\IAuthorizationUtilsV0.sol": {
      "lastModificationDate": 1706211444120,
      "contentHash": "3db936311aea24d821820e27f83aa69e",
      "sourceName": "@api3/airnode-protocol/contracts/rrp/interfaces/IAuthorizationUtilsV0.sol",
      "solcConfig": {
        "version": "0.8.17",
        "settings": {
          "optimizer": {
            "enabled": true,
            "runs": 200
          },
          "outputSelection": {
            "*": {
              "*": [
                "abi",
                "evm.bytecode",
                "evm.deployedBytecode",
                "evm.methodIdentifiers",
                "metadata"
              ],
              "": [
                "ast"
              ]
            }
          }
        },
        "zksolc": {
          "version": "1.3.9",
          "compilerSource": "binary",
          "settings": {
            "optimizer": {
              "enabled": true,
              "mode": "3"
            },
            "compilerPath": "",
            "experimental": {}
          }
        }
      },
      "imports": [],
      "versionPragmas": [
        "^0.8.0"
      ],
      "artifacts": [
        "IAuthorizationUtilsV0"
      ]
    },
    "P:\\ENCODE\\pokergamecontracts\\node_modules\\@api3\\airnode-protocol\\contracts\\rrp\\interfaces\\ITemplateUtilsV0.sol": {
      "lastModificationDate": 1706211444227,
      "contentHash": "098a8d98d08bc79a054b61e12e8983f9",
      "sourceName": "@api3/airnode-protocol/contracts/rrp/interfaces/ITemplateUtilsV0.sol",
      "solcConfig": {
        "version": "0.8.17",
        "settings": {
          "optimizer": {
            "enabled": true,
            "runs": 200
          },
          "outputSelection": {
            "*": {
              "*": [
                "abi",
                "evm.bytecode",
                "evm.deployedBytecode",
                "evm.methodIdentifiers",
                "metadata"
              ],
              "": [
                "ast"
              ]
            }
          }
        },
        "zksolc": {
          "version": "1.3.9",
          "compilerSource": "binary",
          "settings": {
            "optimizer": {
              "enabled": true,
              "mode": "3"
            },
            "compilerPath": "",
            "experimental": {}
          }
        }
      },
      "imports": [],
      "versionPragmas": [
        "^0.8.0"
      ],
      "artifacts": [
        "ITemplateUtilsV0"
      ]
    },
    "P:\\ENCODE\\pokergamecontracts\\node_modules\\@api3\\airnode-protocol\\contracts\\rrp\\interfaces\\IWithdrawalUtilsV0.sol": {
      "lastModificationDate": 1706211444310,
      "contentHash": "40b54b05ad57a662ff48f677c0dc413d",
      "sourceName": "@api3/airnode-protocol/contracts/rrp/interfaces/IWithdrawalUtilsV0.sol",
      "solcConfig": {
        "version": "0.8.17",
        "settings": {
          "optimizer": {
            "enabled": true,
            "runs": 200
          },
          "outputSelection": {
            "*": {
              "*": [
                "abi",
                "evm.bytecode",
                "evm.deployedBytecode",
                "evm.methodIdentifiers",
                "metadata"
              ],
              "": [
                "ast"
              ]
            }
          }
        },
        "zksolc": {
          "version": "1.3.9",
          "compilerSource": "binary",
          "settings": {
            "optimizer": {
              "enabled": true,
              "mode": "3"
            },
            "compilerPath": "",
            "experimental": {}
          }
        }
      },
      "imports": [],
      "versionPragmas": [
        "^0.8.0"
      ],
      "artifacts": [
        "IWithdrawalUtilsV0"
      ]
    }
  }
}
