{
  "_format": "hh-sol-cache-2",
  "files": {
    "P:\\ENCODE\\contracts\\contracts\\PokerRoom.sol": {
      "lastModificationDate": 1706200271901,
      "contentHash": "785855f795dbbaa0559570cdf7bb24ca",
      "sourceName": "contracts/PokerRoom.sol",
      "solcConfig": {
        "version": "0.8.0",
        "settings": {
          "optimizer": {
            "enabled": false,
            "runs": 200
          },
          "outputSelection": {
            "*": {
              "*": [
                "abi",
                "evm.bytecode",
                "evm.deployedBytecode",
                "evm.methodIdentifiers",
                "metadata"
              ],
              "": [
                "ast"
              ]
            }
          }
        }
      },
      "imports": [
        "@api3/airnode-protocol/contracts/rrp/requesters/RrpRequesterV0.sol"
      ],
      "versionPragmas": [
        "^0.8.0"
      ],
      "artifacts": [
        "PokerRoom"
      ]
    },
    "P:\\ENCODE\\contracts\\node_modules\\@api3\\airnode-protocol\\contracts\\rrp\\requesters\\RrpRequesterV0.sol": {
      "lastModificationDate": 1706206035300,
      "contentHash": "73496fe3ea176c4f71c00e5372c10a75",
      "sourceName": "@api3/airnode-protocol/contracts/rrp/requesters/RrpRequesterV0.sol",
      "solcConfig": {
        "version": "0.8.0",
        "settings": {
          "optimizer": {
            "enabled": false,
            "runs": 200
          },
          "outputSelection": {
            "*": {
              "*": [
                "abi",
                "evm.bytecode",
                "evm.deployedBytecode",
                "evm.methodIdentifiers",
                "metadata"
              ],
              "": [
                "ast"
              ]
            }
          }
        }
      },
      "imports": [
        "../interfaces/IAirnodeRrpV0.sol"
      ],
      "versionPragmas": [
        "^0.8.0"
      ],
      "artifacts": [
        "RrpRequesterV0"
      ]
    },
    "P:\\ENCODE\\contracts\\node_modules\\@api3\\airnode-protocol\\contracts\\rrp\\interfaces\\IAirnodeRrpV0.sol": {
      "lastModificationDate": 1706206035243,
      "contentHash": "956233427805a2b9c588d50344326194",
      "sourceName": "@api3/airnode-protocol/contracts/rrp/interfaces/IAirnodeRrpV0.sol",
      "solcConfig": {
        "version": "0.8.0",
        "settings": {
          "optimizer": {
            "enabled": false,
            "runs": 200
          },
          "outputSelection": {
            "*": {
              "*": [
                "abi",
                "evm.bytecode",
                "evm.deployedBytecode",
                "evm.methodIdentifiers",
                "metadata"
              ],
              "": [
                "ast"
              ]
            }
          }
        }
      },
      "imports": [
        "./IAuthorizationUtilsV0.sol",
        "./ITemplateUtilsV0.sol",
        "./IWithdrawalUtilsV0.sol"
      ],
      "versionPragmas": [
        "^0.8.0"
      ],
      "artifacts": [
        "IAirnodeRrpV0"
      ]
    },
    "P:\\ENCODE\\contracts\\node_modules\\@api3\\airnode-protocol\\contracts\\rrp\\interfaces\\IAuthorizationUtilsV0.sol": {
      "lastModificationDate": 1706206035246,
      "contentHash": "3db936311aea24d821820e27f83aa69e",
      "sourceName": "@api3/airnode-protocol/contracts/rrp/interfaces/IAuthorizationUtilsV0.sol",
      "solcConfig": {
        "version": "0.8.0",
        "settings": {
          "optimizer": {
            "enabled": false,
            "runs": 200
          },
          "outputSelection": {
            "*": {
              "*": [
                "abi",
                "evm.bytecode",
                "evm.deployedBytecode",
                "evm.methodIdentifiers",
                "metadata"
              ],
              "": [
                "ast"
              ]
            }
          }
        }
      },
      "imports": [],
      "versionPragmas": [
        "^0.8.0"
      ],
      "artifacts": [
        "IAuthorizationUtilsV0"
      ]
    },
    "P:\\ENCODE\\contracts\\node_modules\\@api3\\airnode-protocol\\contracts\\rrp\\interfaces\\IWithdrawalUtilsV0.sol": {
      "lastModificationDate": 1706206035272,
      "contentHash": "40b54b05ad57a662ff48f677c0dc413d",
      "sourceName": "@api3/airnode-protocol/contracts/rrp/interfaces/IWithdrawalUtilsV0.sol",
      "solcConfig": {
        "version": "0.8.0",
        "settings": {
          "optimizer": {
            "enabled": false,
            "runs": 200
          },
          "outputSelection": {
            "*": {
              "*": [
                "abi",
                "evm.bytecode",
                "evm.deployedBytecode",
                "evm.methodIdentifiers",
                "metadata"
              ],
              "": [
                "ast"
              ]
            }
          }
        }
      },
      "imports": [],
      "versionPragmas": [
        "^0.8.0"
      ],
      "artifacts": [
        "IWithdrawalUtilsV0"
      ]
    },
    "P:\\ENCODE\\contracts\\node_modules\\@api3\\airnode-protocol\\contracts\\rrp\\interfaces\\ITemplateUtilsV0.sol": {
      "lastModificationDate": 1706206035263,
      "contentHash": "098a8d98d08bc79a054b61e12e8983f9",
      "sourceName": "@api3/airnode-protocol/contracts/rrp/interfaces/ITemplateUtilsV0.sol",
      "solcConfig": {
        "version": "0.8.0",
        "settings": {
          "optimizer": {
            "enabled": false,
            "runs": 200
          },
          "outputSelection": {
            "*": {
              "*": [
                "abi",
                "evm.bytecode",
                "evm.deployedBytecode",
                "evm.methodIdentifiers",
                "metadata"
              ],
              "": [
                "ast"
              ]
            }
          }
        }
      },
      "imports": [],
      "versionPragmas": [
        "^0.8.0"
      ],
      "artifacts": [
        "ITemplateUtilsV0"
      ]
    },
    "P:\\ENCODE\\contracts\\contracts\\PokerRoomContractFactory.sol": {
      "lastModificationDate": 1706200271901,
      "contentHash": "db2988f44d6bfa167a50fd7ac2cc98a7",
      "sourceName": "contracts/PokerRoomContractFactory.sol",
      "solcConfig": {
        "version": "0.8.0",
        "settings": {
          "optimizer": {
            "enabled": false,
            "runs": 200
          },
          "outputSelection": {
            "*": {
              "*": [
                "abi",
                "evm.bytecode",
                "evm.deployedBytecode",
                "evm.methodIdentifiers",
                "metadata"
              ],
              "": [
                "ast"
              ]
            }
          }
        }
      },
      "imports": [
        "./PokerRoom.sol"
      ],
      "versionPragmas": [
        "^0.8.0"
      ],
      "artifacts": [
        "PokerRoomContractFactory"
      ]
    }
  }
}
